{
    "loss": [
        4.252373218536377,
        4.717877388000488,
        4.7890214920043945,
        4.083137512207031,
        4.557736396789551,
        4.71798849105835,
        4.256040573120117,
        4.2055816650390625,
        4.624521255493164,
        4.038140773773193,
        4.200078010559082,
        4.3105621337890625,
        3.893859624862671,
        4.285299301147461,
        3.970362663269043,
        4.37407112121582,
        4.298289775848389,
        4.176449298858643,
        4.514265060424805,
        4.12691593170166,
        4.248928546905518
    ],
    "accuracy": [
        0.03846153989434242,
        0.057692307978868484,
        0.03846153989434242,
        0.03846153989434242,
        0.01923076994717121,
        0.01923076994717121,
        0.03846153989434242,
        0.01923076994717121,
        0.01923076994717121,
        0.07692307978868484,
        0.07692307978868484,
        0.01923076994717121,
        0.01923076994717121,
        0.01923076994717121,
        0.057692307978868484,
        0.03846153989434242,
        0.03846153989434242,
        0.057692307978868484,
        0.03846153989434242,
        0.01923076994717121,
        0.01923076994717121
    ],
    "val_loss": [
        3.266641855239868,
        3.2877297401428223,
        3.3179304599761963,
        3.35310697555542,
        3.387308359146118,
        3.4233601093292236,
        3.476799488067627,
        3.5013911724090576,
        3.5413146018981934,
        3.5960848331451416,
        3.6838557720184326,
        3.750549554824829,
        3.796093463897705,
        3.843902587890625,
        3.897540807723999,
        3.962554454803467,
        4.052611827850342,
        4.138452053070068,
        4.212393283843994,
        4.2582478523254395,
        4.293429374694824
    ],
    "val_accuracy": [
        0.03846153989434242,
        0.03846153989434242,
        0.03846153989434242,
        0.03846153989434242,
        0.03846153989434242,
        0.03846153989434242,
        0.03846153989434242,
        0.03846153989434242,
        0.03846153989434242,
        0.03846153989434242,
        0.03846153989434242,
        0.03846153989434242,
        0.03846153989434242,
        0.03846153989434242,
        0.03846153989434242,
        0.03846153989434242,
        0.03846153989434242,
        0.03846153989434242,
        0.03846153989434242,
        0.03846153989434242,
        0.03846153989434242
    ],
    "lr": [
        9.999999747378752e-05,
        9.999999747378752e-05,
        9.999999747378752e-05,
        9.999999747378752e-05,
        9.999999747378752e-05,
        9.999999747378752e-05,
        9.999999747378752e-05,
        9.999999747378752e-05,
        9.999999747378752e-05,
        9.999999747378752e-05,
        9.999999747378752e-05,
        1.9999999494757503e-05,
        1.9999999494757503e-05,
        1.9999999494757503e-05,
        1.9999999494757503e-05,
        1.9999999494757503e-05,
        1.9999999494757503e-05,
        1.9999999494757503e-05,
        1.9999999494757503e-05,
        1.9999999494757503e-05,
        1.9999999494757503e-05
    ]
}